id,first_name,last_name,email,gender,city
1,Ellene,Brusin,ebrusin0@geocities.jp,Female,Washington
2,Mitchell,Shier,mshier1@statcounter.com,Male,Dahua
3,Mavra,Miskimmon,mmiskimmon2@quantcast.com,Female,Maño
4,Rhonda,Horbath,rhorbath3@fda.gov,Bigender,Paidha
5,Dynah,Deinhard,ddeinhard4@nhs.uk,Female,Bistrinci
6,Audra,Hyrons,ahyrons5@cam.ac.uk,Female,Koilás
7,Alastair,Canton,acanton6@cnet.com,Male,Xihu
8,Lionello,Hansell,lhansell7@sakura.ne.jp,Agender,Teseney
9,Krystal,Hanington,khanington8@twitpic.com,Female,Lian’an
10,Essie,Brunicke,ebrunicke9@ocn.ne.jp,Female,Balbalan
11,Gretta,Bortoloni,gbortolonia@princeton.edu,Female,Melikkrajan
12,Lonee,Bayns,lbaynsb@disqus.com,Agender,Az Zāhir
13,Davin,Dawkins,ddawkinsc@lycos.com,Male,Kvasy
14,Tanny,Gallo,tgallod@upenn.edu,Male,Papeete
15,Kerrie,Bending,kbendinge@dagondesign.com,Bigender,Cieurih Satu
16,Kirbee,Jenoure,kjenouref@tuttocitta.it,Female,Tayuan
17,Dunstan,Jickles,djicklesg@ted.com,Male,Glan
18,Catriona,Dalziel,cdalzielh@icq.com,Female,Gurra e Vogël
19,Galven,Dredge,gdredgei@hugedomains.com,Male,Norashen
20,Alidia,Windrum,awindrumj@oracle.com,Female,Balabagan
21,Calvin,Bothen,cbothenk@microsoft.com,Male,Pysznica
22,Hermon,Creboe,hcreboel@usa.gov,Male,Kimaam
23,Eolande,MacCard,emaccardm@usatoday.com,Female,Sutton
24,Marlena,Gavaran,mgavarann@smh.com.au,Female,Sibayo
25,Stefano,Clayworth,sclaywortho@github.com,Male,Fos-sur-Mer
26,Terri,Bernhardt,tbernhardtp@meetup.com,Male,Vilarelho
27,Wendell,Harland,wharlandq@indiegogo.com,Male,Hanyuan
28,Shaina,Geerits,sgeeritsr@netscape.com,Female,Złotniki
29,Kilian,Skelding,kskeldings@walmart.com,Male,Citatah Kaler
30,Pernell,McClements,pmcclementst@wordpress.com,Male,Awgu
31,Sisile,Clearley,sclearleyu@examiner.com,Female,Cirangkong
32,Lianna,Coney,lconeyv@dmoz.org,Female,Iznoski
33,Kameko,Fountian,kfountianw@rambler.ru,Female,Breia
34,Sybille,Albrook,salbrookx@wix.com,Female,Zamostochcha
35,Giffy,Joannic,gjoannicy@liveinternet.ru,Male,Thành Phố Hà Giang
36,Krystal,Orneles,kornelesz@about.com,Female,Saint-Louis
37,Salim,Kobieriecki,skobieriecki10@com.com,Male,Aurora
38,Jamill,Lucchi,jlucchi11@uol.com.br,Male,Monte da Boavista
39,Barri,Issac,bissac12@livejournal.com,Male,Lifuta
40,Nesta,Gareisr,ngareisr13@hp.com,Female,Gostivar
41,Coleman,Brimley,cbrimley14@360.cn,Male,Ágios Spyrídon
42,Olympia,Droghan,odroghan15@prnewswire.com,Female,Mariestad
43,Clemens,Depport,cdepport16@archive.org,Male,كاف الجاع
44,Sterling,Widdup,swiddup17@goo.gl,Male,Laya
45,Goldy,Ferrarotti,gferrarotti18@va.gov,Agender,Lishu
46,Celesta,Daoust,cdaoust19@dmoz.org,Female,Banepa
47,Penelope,Mercey,pmercey1a@epa.gov,Female,Lanxi
48,Kylynn,Feake,kfeake1b@tumblr.com,Female,Hoolt
49,Amitie,Klimp,aklimp1c@sina.com.cn,Genderqueer,Clarence-Rockland
50,Merrile,Jordeson,mjordeson1d@youku.com,Female,Yanjiang
51,Golda,Moggach,gmoggach1e@over-blog.com,Female,Cocachacra
52,Hilton,Yesichev,hyesichev1f@google.com.au,Male,Kanbe
53,Hagen,Growcock,hgrowcock1g@hp.com,Male,Kingsey Falls
54,Guendolen,Arnholz,garnholz1h@amazon.com,Female,Rameshki
55,Vivi,Gozzett,vgozzett1i@jiathis.com,Female,El Tablón
56,Audrye,Harbage,aharbage1j@facebook.com,Agender,Радолишта
57,Christian,Addie,caddie1k@com.com,Male,Altavista
58,Karla,Plowman,kplowman1l@vk.com,Female,Argentan
59,Meara,Coiley,mcoiley1m@drupal.org,Female,Alistráti
60,Kiele,Lorrimer,klorrimer1n@cargocollective.com,Female,Lebane
61,Kermie,Schade,kschade1o@dmoz.org,Male,Mococa
62,Romona,Shekle,rshekle1p@cocolog-nifty.com,Female,Jatinagara Kulon
63,Agneta,McGhee,amcghee1q@jiathis.com,Female,Santa Cruz
64,Yvor,Grote,ygrote1r@ihg.com,Male,Al Ḩumaydāt
65,Red,Howgill,rhowgill1s@umich.edu,Male,Hutang
66,Carolin,Lindman,clindman1t@indiegogo.com,Female,Bonao
67,Jack,Sicily,jsicily1u@dailymotion.com,Male,Zhuangshi
68,Estell,Baildon,ebaildon1v@cbslocal.com,Genderfluid,Venda
69,Arv,Vreede,avreede1w@ucoz.ru,Male,El Soberbio
70,Gardie,Boother,gboother1x@shutterfly.com,Male,Orléans
71,Hort,Chandlar,hchandlar1y@networksolutions.com,Male,Owerri
72,Guy,Matthewes,gmatthewes1z@quantcast.com,Male,Rogachëvo
73,Noelyn,Willoughby,nwilloughby20@yellowpages.com,Female,Jiuzhen
74,Freemon,Belamy,fbelamy21@java.com,Male,San Felipe
75,Lana,Vedyasov,lvedyasov22@omniture.com,Female,Waihi
76,Lewiss,MacFaul,lmacfaul23@va.gov,Male,Ji’an
77,Elwyn,Sultan,esultan24@wp.com,Male,Sobo
78,Jerri,Binion,jbinion25@answers.com,Agender,Bangelan
79,Umeko,Midlar,umidlar26@google.nl,Female,Jiaxing
80,Xylia,Woodnutt,xwoodnutt27@slideshare.net,Female,Tucson
81,Judas,Magrannell,jmagrannell28@comsenz.com,Male,Armenia
82,Riannon,Roly,rroly29@purevolume.com,Female,Chimbas
83,Clemente,McGeraghty,cmcgeraghty2a@shutterfly.com,Male,Sam Phran
84,Nappy,Piegrome,npiegrome2b@1688.com,Male,Kolonowskie
85,Kally,Corbally,kcorbally2c@devhub.com,Female,Renxian
86,Cly,Sigmund,csigmund2d@va.gov,Male,Ringin Kembar
87,Aleta,Shivlin,ashivlin2e@dion.ne.jp,Female,Zeqin
88,Gerti,Antognoni,gantognoni2f@list-manage.com,Female,Henglishan
89,Melosa,Gittings,mgittings2g@shop-pro.jp,Female,San Martín
90,Eugene,Scinelli,escinelli2h@house.gov,Male,Taytayan
91,Jarib,Mc Carroll,jmccarroll2i@bandcamp.com,Male,Ratchathewi
92,Josepha,Cuddy,jcuddy2j@odnoklassniki.ru,Female,Rizal
93,Homerus,Matusov,hmatusov2k@google.es,Male,Cennan
94,Heather,Anselmi,hanselmi2l@tripadvisor.com,Female,Auch
95,Frederic,Fidock,ffidock2m@wikipedia.org,Male,Khelyulya
96,Mara,Boshard,mboshard2n@nymag.com,Female,El Corozal
97,Joyann,Bembrigg,jbembrigg2o@seesaa.net,Female,Monroe
98,Tarra,Van Der Weedenburg,tvanderweedenburg2p@kickstarter.com,Female,Arthur’s Town
99,Chadd,Avrashin,cavrashin2q@noaa.gov,Male,Zhigulevsk
100,Loree,Heistermann,lheistermann2r@hao123.com,Female,Berthierville
